Arrival_Rate,Service_Rate,Num_Servers,Avg_Waiting_Time
1.8555174329790085,1.1309549853237848,3,0.1350131110897261
1.5152289077342322,1.2999317563173471,1,6.6951091534939255
0.7663830144739081,1.849983803979514,3,0.0
0.5275676836518717,1.9061832954716378,4,0.0
1.3021899860602981,1.9452896907134742,5,0.0
0.7926344764342876,1.7099096556086013,1,0.5260131897732441
1.1075064577533307,2.783548652551009,4,0.0
0.7049152909648797,1.4467579894469815,5,0.0
1.4089155220495506,2.359140018933509,1,0.2367017477727683
0.795068203382066,0.5154080250873903,3,0.043870215930868706
1.2996503040197251,2.9898068451512954,1,0.2298886915336883
1.0758841850465335,1.6034613821934922,1,1.310662483494196
0.9415599559096953,2.689802203972542,1,0.13736470081559124
1.753525825392935,2.2473415771669876,1,3.733927818633289
0.8192964751955116,2.6956474496217853,2,0.001403100118420977
0.923056465464234,2.9859278617621055,2,0.0075279651406988
0.6183339694716156,0.7646563285454478,5,0.0
1.1967856594697392,0.8275699891267201,5,0.0
1.5268977274506184,0.8126766091058599,2,1.4757165125148957
1.95253907681209,0.6620615337833262,2,10.17866475983222
1.1143141908374363,1.406933523509699,2,0.05412766222817362
0.685446037484523,1.1411077992133145,1,0.7326639790043896
0.9443277485914592,1.9017433173413705,1,0.7701974919319856
0.8905542434761391,0.7349468779298782,5,0.0
1.2030258633142685,2.113382840642911,5,0.0
1.112265886938733,2.673401878892149,2,0.0029251090077679195
0.6961510962202996,0.8865182653147214,1,1.4640120329720527
1.444908956206764,2.846606305567721,2,0.01975207894762938
1.9224612086397703,2.7836266959539935,4,0.0
0.906392518721187,1.6833966596498124,4,0.0
1.7464397927348596,2.1463146508324433,4,0.0009354784304943822
0.6180799020673868,2.5505380787916287,2,0.0030538986553143408
0.9652876628450293,1.769236241544969,3,0.0
0.7148067240358331,2.3586675077402983,3,0.0
0.9135903776537203,1.4428279614564068,1,0.4021153523797412
1.7290625921562432,1.2632233867205365,3,0.03679415729415252
0.9766503682340334,2.3734923246884296,5,0.0
1.976465061987432,1.170069897255015,4,0.02123989351372219
1.993405670946206,2.9332715546834622,5,0.0
1.8794691130738443,2.5621256218416546,4,0.0004286992450414185
1.2764484631275894,1.6402565942443756,4,0.0004803070526004642
1.774859520688333,2.63775782839636,3,0.01389065793127829
0.8990788561581284,2.408857154677364,5,0.0
0.7590878861335972,1.1209274384309948,5,0.0
1.9591300377737513,1.5827851698333635,2,0.1209940662055143
1.5000861618892327,2.8865320429557872,4,0.0
1.169927371729783,1.281393418039071,3,0.024644882404730062
1.5759351067849874,2.1562996966077566,2,0.033944488764600766
0.7450004519869136,1.0928175467408319,3,0.013038096845054525
1.8127395689289338,1.0555965345570224,4,0.08573290836088977
1.6745012641263488,1.4656683752212925,2,0.24616966423333675
0.9256501386658935,2.0834726835378836,4,0.0
1.5074861461130298,1.731317672684806,4,0.0036767470607901504
1.5871929747458007,2.39188587083988,2,0.011499644254180506
1.6916061411072443,0.9730936130703572,4,0.05881105528693584
0.8641445978933665,0.9179978691425551,5,0.0
0.5361410012776541,2.1167046357896995,3,0.0
1.9703349351254242,1.113281183016203,5,0.024304387632655303
1.3945495478507974,0.9646706182759452,3,0.015325718659482748
1.735379314467649,0.998973090845784,4,0.016265183359699478
0.7395106756719744,2.899477458477191,2,0.0061564117848945865
1.7366660957423878,1.7045476573344616,2,0.21254477665936858
1.683020871552833,2.8750918549003703,1,0.3245301989184173
1.7934746083588888,2.5357852536962158,4,0.003801896715397083
0.6143376411517152,1.5684117686219157,5,0.0
1.9957128030356133,0.6031361417278559,1,27.986359006043063
0.8205520688736168,1.3868850089488562,2,0.06897484875807054
0.9690748687383988,2.950035180928422,2,0.005725569465819007
1.308630843349783,2.527423691030926,1,0.16780813671465203
1.7017355781776524,0.961412209628968,2,2.2815594191518085
0.5290171593888543,2.7560894427658513,5,0.0
1.8882076083603965,0.6993728627688487,5,0.019265281682954636
1.1803507515125684,0.913259208684533,2,0.5591300785075377
1.8658979690928044,2.48712923637037,4,0.0
0.8638512115381003,0.7034336897580696,2,2.50887942596665
1.7939284727108369,0.9197354865343528,1,20.08336956614443
1.4317287288805074,1.3552418660957153,5,0.0
1.5334560809137079,1.46179364647726,5,0.0
0.5711884752459014,2.8684259861974852,3,0.0
1.131827632493597,0.8784531739287409,2,0.5668157218714149
1.814625840177906,1.8331346237944777,3,0.0032667199564867014
1.2380241219030141,1.235906567734044,3,0.03503386013722504
1.6875196951329965,1.74381812732302,2,0.18824356325523614
1.4561645109589305,0.8345335396348816,4,0.03091823848125738
1.335077205304068,1.2508830120932573,5,0.00290489300395024
1.635768194494543,2.072484121502316,2,0.06825346030767544
1.0065593234308456,0.5591941839714119,3,0.3911413763656224
0.7044742101266575,0.6421074233928834,4,0.011173404007827514
1.3884745746271,2.231969798657765,4,0.0
1.3520038059636044,2.3354151262092073,1,0.6283541068719594
1.9219488353563794,2.9589443070155292,4,0.0
1.5054410519319499,2.4528703950076665,2,0.007355843645144688
1.3250258136830293,1.9108918189608874,3,0.00906220077097934
1.7359917250481056,0.6298363634070789,1,22.077133376883094
0.723049644390419,0.9275865191479269,5,0.0
0.8707301800475993,0.5246975372812275,5,0.015261361722618673
1.5346365776000983,2.2304203425083577,5,0.0
0.7032331451196636,0.5211353546060602,1,21.74287534342335
0.8896888217677389,1.97574239365748,1,0.37842947116796644
0.7994427119958474,2.94455109261458,2,0.0019941209424649883
0.898631574994007,0.6591863600503427,5,0.0
1.933653086584269,2.7306263785176235,2,0.06274647944576942
1.87338639521582,2.450096208609044,5,0.0
1.1106612629678418,1.4989129872408267,3,0.0018306592177064255
0.6255735400690541,1.57920094022936,3,0.022949708147280663
0.6969176640049799,1.7554318847671675,3,0.0007863255841383874
1.9861165911791097,1.0302777413420916,4,0.08769087474882425
1.930041333846083,2.210915969026644,2,0.07726024794733896
1.0225233966619538,1.7162930154146716,5,0.0
0.6989098235040938,2.245310523878685,1,0.28644496457480806
1.1710241718214585,2.627376791371626,1,0.267395349823707
1.3365005126118126,1.3890815980231372,3,0.018105846516039227
1.6588214348991441,1.0653595082583052,3,0.13358890649233118
1.398331810544209,2.1731455345198705,2,0.03725506970504774
1.832240151897608,0.7690040939416907,1,34.005171245738005
0.9408132312316441,2.6740658167353883,2,0.014326037134955578
1.7524101282944493,0.5592402822643647,3,3.639309029347603
0.9781367476525598,1.2726167104695325,4,0.0
1.1561033658846755,0.9748379603872575,1,4.148285989691958
0.9092347686778042,0.7900463784898444,3,0.009874957739188369
0.6245191690946026,1.6392150938351187,1,0.40222710183285637
1.1653058626327095,1.0925672791002818,4,0.006283713407883075
1.1888637600948528,1.4310604134939096,3,0.010192045761741373
1.6849274163802217,2.784209876088072,5,0.0017692444147075809
0.8385976867006881,2.7537712051450036,3,0.0
0.875996775667801,1.8946774454263098,3,0.0
1.9869788205570176,2.8015259430550703,3,0.003403432267049409
0.8541134142078144,2.365828130972923,4,0.0
0.5688823018795366,0.8593585071026584,1,2.5511154398075195
1.6231842542661137,2.0384672218271853,5,0.0
1.7025294028667652,1.0562758513905028,3,0.15720487325416896
1.4563442970210823,2.143969173240617,3,0.009105102750024578
1.5364306236549294,1.3722500454525375,1,15.094430264301785
0.5545599837142906,1.2180604740467957,3,0.0
1.143782583300639,2.663408395138088,2,0.010309411702137035
1.3075020615881248,2.5456531433030936,3,0.004608786984082894
1.1894343034272352,2.8039295156719093,1,0.31221171474671283
1.6164615332821355,1.949885694814688,2,0.09016171417664451
1.012796621796143,2.259583492757066,3,0.0007452918581809386
0.5245231350269591,2.83988546043743,2,0.0
1.0009066909284678,2.4518779494184746,3,0.0
1.5199249089169165,2.7082019314327024,1,0.48167028122040545
1.209243406475704,1.1540923163061971,1,4.412782077311326
0.8491867883999247,2.6454927836916307,5,0.0
1.5346794068551566,2.33095256272654,3,0.003030069972986809
1.8801755473752224,2.602286913719271,2,0.059676659892598266
0.5222008791465388,1.4000055328942258,4,0.0
0.9120821645686894,2.888383983288379,3,0.0
0.6717782118580164,1.0645765130077471,4,0.0
1.433375859825592,2.3850468409432066,1,0.6806788437250206
1.0972818934113933,1.914856757247425,4,0.0
1.3616961261890292,2.2161132785087223,2,0.029374368114749902
1.6904318034679071,2.3204628105434617,5,0.0
1.558443371175999,0.7857382864382798,4,0.05520223645451351
0.9157502828260682,0.764730749506674,5,0.016416647667824396
0.7954336300112249,1.70305429405237,5,0.0
0.9339267748724803,1.94377980177791,1,0.23057280962917512
1.1868670559942656,2.5355405174360524,3,0.0
1.27229156690115,2.3145135070098877,2,0.01232391904809382
0.9881889469454734,1.7379546467450744,2,0.042785394606088115
1.9883685778981481,1.8243451306640999,5,0.003657586032570046
1.6921105840371662,0.8436702199750291,4,0.0229840236044728
0.6297899608137463,2.431916876387498,1,0.2088281177089726
1.2007937703847467,2.8436812497205293,2,0.019066377482483948
1.1047448635772161,2.9048008195626185,4,0.0
0.981086005747493,1.760526244299414,5,0.0
1.6592858069169483,0.5812167339194168,1,35.33468420754365
1.4508346414387279,1.5851210131964548,1,2.591275826384039
0.7242178083113895,2.279191869149352,2,0.02017590095249162
1.7161971973667094,0.9837803800474059,2,2.443117302338525
0.5166373849621905,1.5238113132002369,5,0.0
0.6527656347327238,0.9097786963090594,2,0.0175548433438526
1.2732731764399525,2.4213064351325286,4,0.0
1.4137383103308012,2.1805031211345645,2,0.0769026132349388
0.9772937050968437,1.0624508745517223,3,0.02966906139129412
1.0881405091411274,0.6437032967323406,1,21.461540037535404
0.9834408246505205,1.984931105042882,3,0.0
1.6408055262910108,2.440444122547343,2,0.03997179698374988
0.7874490884126579,2.595153450736064,3,0.0
0.6399259031610114,2.8184210943104784,2,0.0016218089900064357
1.0987697449081564,1.029432487529888,3,0.19070255393552488
0.7295372245365732,1.5377411936261747,2,0.09183057338277512
0.8370684155244605,0.9736343088894163,3,0.03157012298091893
1.298815439438874,0.6512163735569444,5,0.021102645219925116
1.8815759530400187,2.285646966532922,2,0.07992160063940254
0.6559255937129105,0.8766560199387237,3,0.00462351179567073
1.3800214163718691,1.6475015793065535,1,2.3533555523324305
0.9650800991787403,0.9619947878196418,2,0.24062893409821484
1.7109184757908358,1.5213592442647648,2,0.40148059003475384
0.7393185298024016,2.205844574879175,4,0.0
1.036454585281128,2.3033258704835844,3,0.0
0.5589170719250971,1.2617547546228933,4,0.0
0.5717682187219253,1.9675779863316563,2,0.006298217332099738
1.6479564840931022,2.941905377594998,5,0.0
0.6425533337970754,1.5289215299085779,4,0.0
1.6705196733914975,1.40752013328702,3,0.05275241814913481
1.6418109926378137,2.4486094142343258,4,0.0
0.6290171481189946,1.1001732780289553,1,0.5472352487567935
0.7450155239001421,1.9985021692599987,5,0.0
0.6184098993902853,0.9268905488115382,1,1.5227746195155378
1.1107088064727804,2.048808408847667,4,0.0
1.8454199580055723,1.1660614646874288,3,0.4126280031797048
1.699980057683482,1.7459146280302604,2,0.24125927458703197
1.0759959906050114,2.853020396837435,4,0.0
1.131037286142156,1.4403530269914107,4,0.0
1.8127960280401232,2.3391069499456023,5,0.0
1.6825913013191798,1.1407591446804068,3,0.025863003637265947
1.3725837474753981,0.6636008859724497,4,0.06107964547106849
1.532787713185001,0.9110902006811255,5,0.013925216777351838
1.5051939600567201,1.7366670107730706,5,0.0
1.3010641278096136,0.9046906173134293,1,21.82284439986646
1.3239125441525457,1.3183972152169992,1,4.712140957844273
1.4733899939646347,0.5752569870617403,5,0.10691954827118276
0.5394210885056164,0.568975243779372,1,24.883331797550863
1.0600664769844212,2.612870916297961,1,0.20147252480840183
1.7084033212136154,1.9234466823343297,3,0.01324347764373364
1.604054432614944,2.063738403549478,2,0.04867733928577124
1.367906328643446,2.125146524639018,1,1.0669437894620781
0.8752936876792128,1.998638697193887,5,0.0
1.4539431044216742,1.7150725719955644,2,0.1724952598231173
0.9001801124887399,1.9831915047333672,4,0.0
0.794741244105972,1.3664266204798918,3,0.0028842800374342175
0.9062171523333207,1.3451400306938193,5,0.0
1.7527183672913222,2.2027282693537815,3,0.004037788112567515
1.9776256541755304,1.2619268728341062,2,1.5289277235045842
1.1217733471112945,1.0729962772502153,2,0.41027627161334534
0.9000784410484595,1.8269546768296743,4,0.0
1.3642581459884173,0.9647919884985177,4,0.008989832017752674
1.6733361885166724,2.1535554464742366,4,0.0
1.4487505898820126,2.2282513037219243,4,0.0007116753212109844
1.0446419219629322,0.6324997116736306,5,0.050377693383864976
0.5430009504683733,1.7879523829913313,3,0.0038614800381259794
0.8861555370989814,0.8600405963147022,4,0.002511673471905668
1.8810103830782174,2.790609502235626,1,0.4648855824992489
0.5487186477504271,1.2290707521816593,4,0.0
1.5376392824157636,0.7911089359176067,2,1.604095873767595
1.1634358585469862,2.15896738477102,3,0.0030438683584396845
1.9296055850868314,2.149832301901591,1,1.037524281033887
0.664156612499043,2.2915966285047107,3,0.002771899700920832
1.9916849934336411,0.8590080877307025,2,8.713732256350449
1.2693604793839388,2.7247028429681075,5,0.0
1.090215741233224,2.26016169159236,3,0.0007295698606924691
0.805171353295307,2.2896777365885344,5,0.0
1.949219788267809,0.8479439314092353,1,31.35426741741297
0.8308492108921093,2.890387663246867,2,0.0002446996078794638
1.6489127145941085,1.0989677041168258,1,23.75924110847018
1.6337049831290953,2.769785065203443,1,0.52510685473182
0.6304022718978743,2.8163774319723403,3,0.0024288436497359334
0.7720837922050396,2.100420018829844,4,0.0
1.469674246070006,2.539083013635371,3,0.004654239965152373
0.8460244560149763,1.9394481846366112,1,1.171700131443325
1.0943570409917194,2.8015186318534444,4,0.0
1.9430460142552906,2.5293367926250365,1,0.8270951876995375
1.2410205742885214,2.1427813859310456,4,0.0012954694249442834
0.5549694572508026,2.089514421199201,4,0.0
1.440842390583725,2.457765428135904,4,0.0
0.792690979949312,1.7684164263866695,3,0.006971691518828822
1.014274125569924,1.5572201517937567,3,0.0007020380474672108
1.6956630297672022,1.1304904949126326,4,0.01770981307679108
1.1059145143614586,2.9824424332931923,5,0.0
1.3976511768664295,2.715280599045104,1,0.370297018722105
1.1448357221374752,1.3128925269101956,3,0.018306764608415845
1.5144733840849083,0.6265926835459643,2,16.532833860772545
1.456536967673176,1.1277727777044424,4,0.010187350357396466
0.5721836443748873,0.6923030768158523,3,0.017120461041220874
0.8084025180041956,1.7482671539100347,3,0.0005187013324801496
0.5220596740764978,1.7165308726098223,5,0.0
0.7604800408690209,2.063927145179856,3,0.003138641460200936
1.0370708685583476,2.797100962077749,5,0.0
0.5019783868886973,2.2468279931859985,3,0.0
1.8079467189916603,0.94673287056583,2,2.270356521304923
0.887912433075914,1.6154327106778437,1,0.8006283278134576
1.4464754723283462,2.0233778360609063,1,0.6547680513133414
1.3174559813588882,0.5677961614465644,1,35.1440030767109
0.8304462294727568,0.6315917046937574,3,0.14805494022697654
1.333464893061744,2.0932652620565584,4,0.0
0.7470562221906318,2.7674221784703827,1,0.1625736190169192
0.7090824636790809,1.162049215394969,2,0.01695906205121646
1.1976623226503744,2.6694075144554543,3,0.0
1.4537133762178716,2.2950942235206377,2,0.0368392095252994
1.4158136202960896,2.286566346523135,4,0.0
0.7722114857796425,0.9392394204012882,3,0.03277123145372848
0.6923697275701524,2.948542837774221,4,0.0
1.7297476133795475,1.3725287537006827,1,12.333456733411698
1.2945325310490208,1.6554735078745662,5,0.0
1.7867611769635396,1.4031467909468638,2,0.3314388152007186
1.04604256451466,2.9354097691784506,5,0.0
1.711309598438842,2.740501612963999,2,0.07745424161475249
0.8375922609586874,0.554137772121752,2,1.4143807048705876
1.1422346027254757,1.4753567700945542,5,0.0
1.582938223802349,2.180543967681215,1,0.9213637177118212
1.7996467458863776,1.6330508983010243,3,0.02950092052281955
1.7436779372708875,2.1475146265228258,3,0.004287601474679903
1.4092483215476022,2.9954437549580057,2,0.012640457229415505
1.9931732807074174,1.846759491493716,2,0.33820407700643834
0.9217308262730481,2.4156881488037847,4,0.0
1.947372257384132,2.7587250447812584,4,0.0
1.6249607254924252,2.7242479273697007,5,0.0
1.3629230854509307,1.3928645985141992,2,0.19640550811818883
0.7696023857054504,1.092292915418381,5,0.0
0.6815739894964685,1.6293047121836244,1,0.35076313336464304
1.9955339209518903,1.6613146142850108,2,0.6476445492279396
1.1430195351563903,1.4604100959670285,3,0.01786885903676056
0.5780797741120912,2.4833453683550313,1,0.11140496866409756
1.2554975127298407,2.5028422078384893,3,0.00010837873284054588
0.8505842869981567,1.7600913076143858,5,0.0
1.4481197262709538,2.5573332440414633,4,0.00013692404852586287
1.3639768116512432,2.4597187700925183,5,0.0
0.8408576298922423,0.6172108164772137,5,0.0009170579783143414
1.402040824148334,0.7962972344086825,1,26.933136670612008
1.4218767106980192,2.3136910805909587,4,0.0
0.5379025230320578,2.4075376112878595,3,0.0
1.3198425899577844,2.740334440435554,3,0.0
1.1819995903645029,2.3617673643311385,5,0.0
1.696047679025334,2.6989301076353525,3,0.0016107686370095157
1.7355186085041319,2.0018218888650363,5,0.0
1.495597622614214,1.579519457057923,2,0.23830750684926186
1.1789051451144013,1.1829290966267059,4,0.0
1.6588402400161288,2.389349314641123,2,0.07591922888746042
1.2047765132191737,1.4276938408961093,1,2.322121739512646
1.2379166784604059,2.12645216742529,5,0.0
0.7338097976458079,1.1951086874074583,5,0.0
1.7382402521502265,1.9298641839569433,5,0.0
1.4764228356809896,2.6241021521005505,4,0.0
0.8917987633648132,1.2371940691053847,5,0.0
0.6989754211965693,0.8246017036419152,1,4.327572241446505
1.8975350157586344,2.695902052453732,4,0.0
1.1032232838003644,2.5898584847154895,2,0.006766232674859537
1.6905152131917414,1.7069362139496842,2,0.16614907274832272
0.6612783734293473,1.344581695056045,2,0.03377537321417135
1.4028113487461518,1.4762312901621062,4,0.011594889300596852
0.8570617379000992,2.252269731499185,1,0.31819132486293683
1.9545860330168305,1.0847065290248974,5,0.007121187716088008
1.7212726314548294,1.1418856547364873,3,0.168727404519149
0.7061479629564069,2.792826867470203,2,0.0008271477183621968
1.867340942212746,1.3035805917118317,2,0.7076443529596653
1.1813291582156793,0.7027250877382705,1,23.86112386826486
0.6080352726890332,2.5544562325734903,2,0.007244432309038526
1.9788908460937766,1.5440789020212202,4,0.013290997469619311
1.5318076361111062,1.1151874160352309,2,2.6179984481665834
1.8169611226033349,0.8072797861211265,2,7.813322888412137
1.3216367156461586,1.6261706445370747,1,4.902094008995922
1.1374636346895557,1.8378699760086894,5,0.0
0.9342608080722321,2.073973517873175,1,0.2486289791373565
1.7612665113181663,1.9466371107934497,1,1.7699884431654669
1.5747434618820244,1.4437747517480524,3,0.019113555939759535
0.6936386621694649,1.1320978264637864,5,0.0
1.7279601628728067,1.9677560548956914,4,0.0
1.1553370016351705,1.6384720105127297,3,0.00768978715541821
1.806972226773633,1.5833346655606828,4,0.0010810175669459146
1.337076364687898,2.4123829828941146,1,0.8163913831079143
1.5506240897876722,2.2625894646637654,3,0.000358799959991907
0.97565635021089,1.702593126168505,1,0.7405866806460369
1.115829577010585,2.5258604926769648,3,0.0
0.8504758194994142,1.3846480514095145,2,0.037371527518267965
1.3098137734327475,1.420668572641845,5,0.0
1.4668278352791368,2.427404651741842,4,0.00329188922507124
0.5593585570900154,1.0111902896380485,5,0.0
0.8009707224804624,0.5929284305718472,2,0.5135998333320099
1.0692845473751402,2.764506418409052,2,0.007625210265823791
1.5694667543351626,1.4933021996959925,5,0.0
1.0797394587397053,0.9799640722037091,5,0.004412475714455392
0.6058055166723091,2.979365140013764,2,0.0
1.1535532835828604,2.2826977860328355,5,0.0
1.6996793073399155,0.8470952586796211,4,0.035535246373728874
1.5523796928607672,1.5795984208304517,4,0.0016548024017761349
0.5688157969436365,1.5925853749447878,1,0.3900236061814243
1.821345546030858,1.3986504310350303,2,0.5625206818112833
1.1249620482810254,0.7020166153704728,1,16.277676961722015
1.030580103848746,1.897014113181134,5,0.0
1.485718896723017,2.7628198383395324,3,0.0035019648757653775
0.6727979291479036,2.2036223130559804,5,0.0
1.7072416163182798,1.8115369815223317,2,0.19189854802099718
0.7442602298982176,2.4463713327753505,2,0.017191259359311366
0.8911830564197574,2.6873421990076154,2,0.0036237441976500018
1.0144063281951317,1.5052559573346789,4,0.0
0.5922296381774065,2.0399068418483752,2,0.004021525300295175
1.9086044794013564,2.448590094980681,5,0.0
1.3914913154993098,0.7704357700168641,4,0.08194159316591898
1.3017031409991158,1.681343111994244,5,0.0
0.9719824093904134,1.8438632758734237,5,0.0
1.0062458722269352,2.384883972238695,3,0.0
0.792067130596136,2.1911262487014502,3,0.0
1.9165664901558412,2.941864660404451,1,0.7008361661439384
1.073181352013794,2.634639792304217,3,0.0009213669661943038
1.3003992169349,0.9672368098469137,3,0.09299608656834499
1.7379391521669516,2.675479734047467,4,0.00014527429985687873
1.4256149261080215,1.8703216875677642,3,0.0028300219688722743
1.8701408312057028,1.1081981001923353,4,0.025561161830158264
0.7244806476571841,0.6247328622337194,4,0.010522788031871172
1.1740794885967054,2.2490966047342296,5,0.0
1.6850985136770391,0.6219929463557243,4,0.31690739453111627
1.6671845886116388,2.899105523163088,2,0.01895780705130311
1.6136645499604731,0.769471924921135,1,21.218432528281298
0.6213932301504792,0.7643259424399247,5,0.0
1.2254111635741218,0.7184417082646763,1,21.09993888270106
1.5996949014548245,2.516015585269236,3,0.008904247574558028
1.2782520081672295,2.127705285632472,3,0.0005891719364675974
0.868654397932884,0.881747502100056,1,5.125119913660926
1.3616191757431586,2.931850663658312,4,0.0
1.6685736546694616,2.863367620775481,4,0.0
0.7023066424929829,2.9666100911507476,1,0.03617257089541346
0.7932570624360783,2.759655179163738,2,0.007245706989676528
0.8274668461280837,2.5155476908668364,5,0.0
1.3977380075766173,1.676594718637677,2,0.1085326762847967
0.9225357480848893,2.7582429185763244,1,0.16174092273626745
0.6602071378936554,1.5482921035446549,1,0.7940388398244317
0.6379113773607983,0.9977104397819168,3,0.0
0.6155304748394802,2.642573559873546,1,0.20393858771055334
1.6521527691288407,1.427497219789826,3,0.016369830211782555
1.0894709675402332,2.9561722991496486,1,0.07607364108692831
0.7799475551253516,2.1470141886569354,1,0.2252864688535349
1.0902094925389334,0.7722311578272535,4,0.026663240442258557
1.8758910818057433,1.2386322394731162,3,0.14614702340036734
1.2423780088960013,1.5302540152589146,5,0.0
1.7138261953570342,0.682226140627107,1,39.507402705936094
1.039779118826633,0.5972555270780331,4,0.377482651773681
0.9846939309729953,2.887064178729127,4,0.0
1.2836650016527458,2.6022407295937042,2,0.028962994204540765
1.7866535030261508,0.8433667900415394,2,2.1251247774094444
1.322865143953146,0.6215130402470823,3,0.9697169762857034
0.9546024209701807,2.8525814635844826,4,0.0
1.5205792110072414,1.215739537950886,4,0.004999894205064927
1.7213277802914049,2.3374397938135223,4,0.0021191536464604363
0.985052149758092,2.662988365348652,2,0.02200997520455315
1.616590882050041,0.6023826509011441,3,3.7643244588335407
0.5130339536196354,2.3351894537988613,2,0.0010837606258517379
1.0905893988110575,1.4658694108236827,3,0.00540061042372838
1.2433686181927215,1.0484335362340178,5,7.381769690318103e-05
0.8478316163925508,1.2834515419898178,5,0.0
1.5308829201465521,0.5750581735391318,2,12.832501712071288
0.8589425842932299,1.864085997076132,4,0.0
0.701445574454292,2.597987126814375,5,0.0
0.8946184898742828,1.5461037845309773,3,0.003966580606564208
0.9866413470456965,1.6940618890669161,4,0.0
0.6331420948018356,0.5980319974009419,2,0.07146534313121648
1.9278426009875624,2.8448209108041764,1,0.4017587589637599
1.4412860738582949,1.9636509398675266,1,7.171938399124381
1.5389782315434886,2.63232907514729,4,0.0
1.4726045137537722,2.048369062444556,5,0.0
1.7082857701054017,1.9807726265110128,1,1.798654349465007
0.759884980084016,1.5317037960556088,1,1.0664489015868153
1.2584052354158712,2.583462783521837,4,0.0
0.5272607974908731,2.383971557278894,5,0.0
1.7847463304489501,2.2407004236827386,2,0.0885787325516923
0.8601298711538643,2.129001550596131,1,0.18529318290991093
1.5532157624726786,2.631884230970132,4,0.0
0.5113389975536641,1.5425645551020146,5,0.0
1.87055629447375,2.8504432317949018,2,0.02181562181124925
1.9116590564868603,1.8491615831580597,4,0.00035202155028366477
0.8448221561973338,2.42411297569575,1,0.17867137523495574
1.185800270706626,0.5456668713243646,5,0.027166346970872602
1.5179359371531087,1.1320727184956485,4,0.06027875806187561
0.7860294897921902,2.885778287651828,4,0.0
1.1835412971139159,1.235460180470509,1,8.152456950255155
1.8633235113769673,2.917892498815218,2,0.07834787768967
1.184364558432415,2.6843745412223905,2,0.02111061850897457
0.9461041619624204,2.942020638902885,5,0.0
1.4942898630554067,2.6337120190977377,1,0.3608251561221674
1.7695883393331941,1.2019820333975157,5,0.003170289382225383
0.9302608576570913,0.8778571588027807,1,10.666415914275907
1.082402502482334,1.908229819193153,2,0.014903915805005805
0.5081445059394827,2.0453742149143768,5,0.0
0.6253863582297916,2.7157165248317163,2,0.004123864009613371
1.6604189449885483,1.4552848516122971,2,0.21190553579845497
1.8853392846958439,0.5917295460070894,1,39.69841680876718
1.551623659815374,1.0793704470201109,1,17.949311297790615
0.6479853461339128,2.3478691674166305,5,0.0
1.2241717544509936,1.1129448485183988,2,0.3280362090068802
1.8119628328442086,1.5899371322482705,4,0.008175650908344809
1.7685856770260282,1.1608381276528243,1,15.61472968843824
0.6918694204114791,2.751145628619357,4,0.0
0.8592578611448121,2.859164151592204,4,0.0
0.9092175544155481,0.8681604330468067,1,8.362315045984731
1.1307472849395026,1.7324538861534793,5,0.0
1.7247344601671166,1.3628858777292956,4,0.003982662186114753
1.8466105100662014,0.6517793707088491,3,1.6461612601341042
0.977651648882442,0.5065427139095611,2,1.637556940208933
0.98602973199192,2.75511051103986,3,0.0
1.313646433385802,2.208386480142512,2,0.033090532148550594
1.7543400973610481,1.7672141080715684,5,0.0
1.5752579595033747,2.834712420766492,3,0.00238357048632645
0.5225525345993403,2.6967406851609024,5,0.0
0.5061530052338531,1.6067068415801475,1,0.2128150380591928
0.6567577834967426,2.33324153390505,4,0.0
0.9321845079187475,1.0671133072149968,5,0.0
0.8870262214168476,2.2268668548997823,4,0.0
1.978923955500306,1.0031517510733219,1,16.935195410041175
0.9915861667676644,2.8072423084994598,2,0.015735355975556187
1.3180525338280096,0.9909432729520278,1,15.942730228706559
0.5547197822425152,0.8385636970977532,2,1.1169862797929557
1.9819692399321855,2.514850709322709,3,0.011011944936036872
0.5523988901463296,1.7671161352813054,5,0.0
1.9741789292184149,0.7599224850884918,4,1.432722155709019
0.9401357875175266,2.0440419623974275,2,0.008429645438124009
0.6307230259759453,1.4929639928948966,3,0.00973239870123028
1.1519247937277821,1.0628456331557319,1,3.0681988024683657
0.7325256408170363,2.6920725529649143,4,0.0
0.9611581780747402,0.8086181593251345,5,0.0
1.5381855304810792,0.6342159532059215,2,9.48920775333939
0.9538601247829477,2.610013107934537,5,0.0
1.3533826269425326,1.1296403820459524,3,0.0014861896852378558
1.1956779123269778,2.880430839072691,5,0.0
1.635668733552461,2.433911810273047,2,0.029416660574196053
1.7287816393184472,2.2966020885246228,5,6.442894471591997e-05
1.3898934217774772,2.0104368885571553,1,2.039966713663274
1.0008302396226552,0.505350946931052,4,0.15285660669268716
1.535454508522861,1.4137834903237765,1,5.538495923957862
1.4950185063115233,2.207863109246428,1,1.058110291319697
1.9932814769062515,2.0997974110083995,4,0.014384781173960704
1.8961022136686272,2.9479383765410536,2,0.017420085365092968
0.9389451072330546,1.6069283665927538,4,0.0
0.9796827779355588,2.7348057545134297,1,0.1821630968690296
1.658394351663914,1.7213109271180236,1,5.2372530664423405
1.2675860681255142,2.806505317215887,5,0.0
1.1701085822275923,2.351130804734779,1,0.5085898727998671
1.6435262865995666,2.1912524272967566,4,0.0
0.5696485964022933,1.6013826890301925,5,0.0
1.4700022037121983,1.8084212762607619,1,0.5161743324737441
1.9344818673966762,1.3692796641867615,1,21.854373931636943
1.875470963647786,0.701254351528499,3,1.5191025946929158
1.1871787540578045,1.3873714022561248,5,0.0
0.5797533593898875,1.707246046799735,2,0.012023697876379627
0.6659480945359664,1.9929805426681406,3,0.0
1.5028338871255102,1.764653234622116,4,0.0010104253144431865
1.8998212039208153,1.9608711299657553,5,0.0
0.957453442425106,2.672557782757814,4,0.0
1.7159271306738904,2.458057511145281,4,0.000415394967264297
1.462407903834214,0.6270376965481562,2,10.577765509623797
1.9708692864077955,1.577007784736577,2,0.4906132796583004
1.2131107725563228,2.3441857097422623,2,0.037049915530970826
0.795905508862033,0.5840294312365828,5,0.0002700251896407645
1.7641573301077695,2.336749838710802,5,0.0
1.8714050930643136,1.3729460648728147,4,0.013155155712722402
1.4218500601657795,2.1676491062391947,4,0.004060834291462721
0.8003786602937235,1.3906622226777325,2,0.04367803230406886
1.3311821003503748,2.1391841811662804,4,0.0
1.9857776523050226,2.9833064148410684,3,0.00036945122158488447
1.7744793456304395,1.400652633815214,2,0.7443625192131794
1.2961808646249415,1.9672263535673291,3,0.0034099351150704543
0.7635636828511325,1.280211964217572,2,0.025019876859002168
0.5909664429580734,1.9190201832793472,3,0.0
0.5781316172387354,2.2517428072954937,4,0.0
1.7294383217646137,1.4819352866486128,2,0.6342676281445022
1.3694441128105581,1.1439265856990681,1,13.966824855035124
1.074794427758881,2.5284418957507704,4,0.0
1.66079319114155,1.7080692430035658,3,0.021760180253094848
0.6893692047111315,2.4363309197028693,5,0.0
1.0266207758771997,1.5643305773538456,4,0.014593860266050142
0.6939467265387154,1.5761607606941355,3,0.0021810999777238478
0.6070315765875418,2.281610111890162,1,0.05979546368470977
1.8931773566217407,2.48863369260739,1,1.2623679233674778
1.359158399022949,1.4282237890916019,1,3.230760791936986
1.1505589937499698,1.1856903548510598,1,2.067210136273553
1.5984612831093448,0.8744974826651912,3,0.32848780938798383
1.3941639514937891,0.8865822670310404,2,1.063078952466992
0.5449786173286679,2.2826727558793793,1,0.10265214946432925
1.5525888598691673,2.4442309139867824,3,0.014855847802062984
0.940170455392099,0.8189901064608636,4,0.0036439046938600587
0.6696325331103419,2.2207516370135956,4,0.0
1.7018947712491648,1.1108487391861837,1,20.90707091898428
0.9081299238422436,1.8026785523548559,3,0.0002203330158045925
1.142432568564927,1.018866228802425,1,11.063123148101692
0.6496567699965823,1.0631561343478608,1,1.0278286378843713
1.9620622747926832,1.798484112669701,3,0.020825836396634243
1.9164424184957156,1.5556288029465153,3,0.042862841773030486
1.006545486237611,2.293988681021083,5,0.0
1.2414374540457667,1.1320025449997617,2,0.2736998611174215
0.8097144801645371,2.820384421036172,3,0.0004688616879991122
1.3680803494453544,2.250624060114243,2,0.012269194702379185
1.4930320130381605,1.8699959819870284,2,0.1645105218270351
0.8144832815470683,0.7167470476871453,5,0.0
0.5159821025629676,1.453272079721471,1,0.23961045368915126
1.2216172480354943,2.8368225441539874,4,0.0
0.893693620545154,1.5846384248304488,5,0.0
0.8475163690882269,1.5479946272240768,4,0.0
0.91133411036927,2.703457355206659,1,0.15643178964938143
0.9715632966175703,2.5565963205325506,1,0.2627387256621834
1.6640874296151655,2.5596585246288783,1,1.2243784418330983
1.6321121751533911,1.8780395025101075,2,0.11361971465418765
0.7515335848799664,1.1947391706894708,3,0.013195246388688773
1.891558054950608,2.0635354710720994,1,2.368875744541664
1.3438801755792653,1.7966427043659028,4,0.0006375442721264532
0.9924398748800511,2.718656065692725,4,0.0
1.445657086558904,1.2925306111338337,4,0.018856987151979008
1.3705969336735002,1.8243510678526533,2,0.19262594566716618
1.0882916897435961,1.104381926495789,1,9.01895532999892
1.840897324064161,2.194229772335974,5,0.0007172177560903492
1.3763223271953622,1.4341774163380916,1,2.5735018873299316
1.7830526133799864,1.9287875879640486,2,0.12429586459659257
1.9072249142696438,1.2604109810142607,2,0.5228400896148222
1.755483936164417,2.353930423461329,1,0.9973829614670203
1.7420432562896575,1.7166297463037312,2,0.3869360910769067
0.7826422705677296,0.9162547700332777,3,0.02568710424892474
1.0172425590530405,2.189583782099602,5,0.0
1.0166977620543858,1.9028172061393909,5,0.0
1.7528329962105103,1.2629876714412076,1,20.657564322293474
1.8339868144395464,2.0194888499406476,3,0.003613561682051743
1.9987092892417373,1.2631042243786772,1,17.150479385382667
1.1975018866771379,2.389976607370909,1,0.4405555412457592
0.9731798722154744,1.1963934593852357,4,0.002635476891766287
1.568835336319497,0.5280054484551653,1,29.100457106456687
0.5082158550435327,1.4364699274809207,5,0.0
0.8081940909743549,2.2154045422590345,4,0.00019729972539126917
1.1672728624311195,0.7921956946552726,2,3.033950941930221
1.2722781546297937,1.5987847946784672,4,0.0
0.9676117378193541,2.2377577105191726,5,0.0
1.4835582400138034,1.7543634361124458,1,3.2289199788309717
1.5620418691276257,1.3886884249749716,1,11.655611443070423
0.8759987397639634,1.2338353691770048,2,0.0561665159202336
1.4226629259925119,2.1283387090128674,5,0.0
1.4122568320078428,1.7319757430109473,4,0.0
1.841697758048028,0.7646085504020204,4,0.07407544135537418
1.661829295129794,2.2239058365539934,4,0.0
0.5718319105280838,1.8759521853843126,4,0.0
1.3058704622320108,0.8077041036148365,4,0.07998128410399849
1.5303237443817672,2.3759335326033137,3,0.0020266667945175584
1.894139140432254,1.1902483211646213,5,0.000364038712641335
1.421647338447161,2.1245175073751836,5,0.0
0.7682132323638893,1.5440431052903771,5,0.0
1.7198808221086435,0.6428246710871874,3,1.0018651776224414
1.6600931429487802,0.8518909057625336,3,0.23599844749454785
1.6296460364629262,2.254966475637116,1,0.6332809664204246
0.5226514386678947,0.8474975333051868,3,0.0
1.1121783222525494,1.0914046321029651,3,0.04655020550561094
1.7341376638221568,1.0472820264380505,4,0.034272537419320556
0.5227964945620847,1.2340346362893073,3,0.0
1.7897657656166108,1.6724131436821428,2,0.19914009599044585
1.4664391068130989,0.6691873429102347,5,0.0006353859058018359
1.980610929614037,1.3283413086769604,3,0.11793935921869474
1.7678365042402313,2.677334691818808,1,1.1842735058742127
1.4200391042228826,2.1776320357975534,5,0.0
1.8927127218902782,1.7189936719306806,1,2.0089609007543405
1.726310626361697,0.9599286829140375,2,3.470885813706767
1.602855915795673,0.7765310173294657,3,0.22864461245603981
1.909738075261976,1.7360023068815875,4,0.0029910480266046226
1.4701431197799606,1.8706530131004047,2,0.09837863440060872
0.6153555522321112,1.1971624671481558,5,0.0
1.367873860224587,2.080312204383905,1,0.5601963177296929
1.4366972825869753,0.5545824919591142,4,0.41243486717059835
1.137750987682054,0.9409741276128445,4,0.0027826665192142402
0.5553735622605622,1.9245760019404974,4,0.0
0.8827642707911383,1.3233357919492956,4,0.0009170845636854538
1.7282138937932845,1.434884761016722,1,15.864347789659648
1.5790067506443013,1.9580530653459614,3,0.025901188984150142
0.9417499809049774,2.4687958475678777,3,0.0
1.2568323103204782,1.445454553748524,2,0.29239500236709465
1.385447691432414,1.247558067051728,2,0.13588228143382092
1.5353492276838123,2.989570784100314,1,0.2913765687377729
1.1850292515767809,0.9848963954071411,4,0.026236728749653323
0.9483074190182773,0.7102622994147385,4,0.013428926157387512
1.2391619930318043,1.9283078242811635,3,0.004543047631595779
1.492738766605648,0.5654974467512714,4,0.2160066567937495
0.5051024102565549,1.5920955136352883,4,0.0
0.6609288695766908,0.8834780897554402,5,0.0
1.5527208350953334,2.214982851442432,3,0.005530075155475327
1.6270210134631775,0.6858522105367668,3,1.3591115666831417
0.9140287916101102,1.9162161465257364,2,0.019440147665513916
1.4387054665878813,2.5766111312033773,4,0.0
1.542917478902026,1.799879645943054,5,0.0
1.5021261104013264,0.6684668363008492,5,0.019635866418879627
1.4571867744169902,2.5539865484278184,5,0.0
1.3108264288573555,0.8084157731325663,1,12.622981506222473
1.9158168144076935,0.7088168759216944,4,0.1956375116249519
1.9976680291926185,1.1526241400657007,5,0.0034110842589770594
1.217242054422452,2.731079309057325,3,0.0
0.8665258241332598,2.9563404812464915,3,0.0003963901242105737
1.785156187425501,1.7980792076576444,5,0.0
1.2013126765341389,2.1260341385904313,3,0.014010057970988688
0.7109671999325156,2.3926374900396166,4,0.0
0.9987585636569709,2.392046688900937,3,0.0035086730891796866
1.4891061083429853,0.8895046624205865,5,0.010852007829697956
1.407265885545018,2.220098879639176,5,0.0
0.6644608447012201,2.4462022324682486,5,0.0
1.5662378749121129,0.8935142439865841,4,0.047388600589129866
1.260254232064919,0.6683720465344846,2,4.237083444257213
1.5206940902930461,2.377228515719951,4,0.0
1.8302866383148972,2.255209695054642,2,0.026532807441076826
1.0890547847770014,1.037501790653777,3,0.037460676666854875
0.9189266667281286,1.3462615118677161,2,0.035840454108919374
0.7484269551672972,1.567670650908557,3,0.0
1.8011524310140672,1.2138036099641636,4,0.0054913241846224784
0.8723311251529389,0.9253666113182455,4,0.04596449059916295
1.6218211262068307,2.0374924798558562,5,0.0
1.2114596967384899,2.3854350818793737,5,0.0
0.9845020653464363,2.3034501122244357,4,0.0
1.5463432456143984,0.7429170671148734,4,0.029732143427774485
1.1304869410295733,2.995105656073649,5,0.0
1.7782204587237054,2.346191239350555,2,0.04681845410981859
1.310258500431665,1.6486478027020153,1,1.1249299495666492
0.6769880905683143,0.5272048189495694,3,0.22983604566102733
0.860552926313647,2.1330180468505278,5,0.0
0.7642237755482217,1.4714115100207836,5,0.0
1.7066872619459421,0.9086409572844962,1,23.125095960537998
1.2478082626941673,1.155294691217629,5,0.0
1.8844708477760883,0.669053517043751,1,29.325791780034617
1.678083201204783,2.974303158585746,3,0.0019089765520790654
1.635823013442509,1.4874952971467208,1,10.879832546555342
1.212203357473612,2.2957929372521457,4,0.0
1.1576988884537802,1.5826624403999807,1,0.7577269431943595
0.6560135091157127,2.0395201439025317,5,0.0
0.57329213369422,1.4645096178553656,4,0.0
1.5720094851658057,2.47798580835578,1,0.3802409457011252
1.817214355761798,2.672294444752396,3,0.007041833218078289
1.5461986101909837,2.1179559782511204,5,0.0
1.4063994281961145,2.8171893552415033,4,0.0003610575957804613
1.5428211915418133,2.98771333704651,1,0.19951958508976544
1.3203810357750563,1.6992083081720495,1,1.8375115407625235
1.3057732418314674,1.766220942774725,3,0.005749693655672346
1.2728562259474365,1.2018347955874846,3,0.035633127359300264
1.6009616612248405,0.7812304547578764,1,14.501036413242193
1.7235874171468186,0.5320285383108541,2,23.412006019237655
0.9692875580735635,1.275024653445253,4,0.006173391395285145
0.6481089559589952,1.371024516579963,3,0.0
1.5160405806780908,1.4697198084817353,5,0.0038730873329350752
1.5519604486887264,2.5178038834368373,1,0.5507794014975886
0.8929669024562086,2.893134378847247,5,0.0
0.84328207392449,0.8997634216661727,1,8.985554145129328
1.0425968770635685,2.8119246152789064,2,0.014570014944954373
1.7961017060431492,2.8604232790734065,3,0.0020192696956334833
1.5331745264499796,2.113846204964388,3,0.001894451606128689
1.5644781095160782,0.5951894962978778,4,0.6272564146201383
1.6348712577173785,2.8962891702542795,2,0.026631997223868612
1.4723104464471366,0.9887996352177906,1,10.90388418534652
1.1217598170149712,1.8604497891221117,4,0.0
0.6108422233932366,0.8850280168263467,2,0.015148278098204267
1.7995887284419863,1.8654293149620296,5,0.0
1.5462593321461253,0.9262792158839129,4,0.02324164747061519
1.062070203763557,1.7475275167643844,2,0.11569567890112253
1.0922509377392031,1.420513992925047,5,0.0
1.3297935043615796,2.1365067807938964,3,9.505808586976961e-05
1.247737502614408,1.7345411277484835,1,1.5569222421011928
1.763537623676493,2.1658121160768276,4,0.0
1.9474157647390278,1.6807430982954465,5,0.0
1.075272540361615,2.1908660463183245,2,0.018971110363985938
0.5701122867250887,2.0125694086112733,2,0.007442390029025692
1.2583261654072715,0.821685834707389,2,1.3131721323313228
0.8656175203167221,1.3265001835959742,2,0.0953242419402426
0.9012527234993224,2.5257704812907025,4,0.0
1.8701713937097248,0.9097107475477252,5,0.058068552800871635
1.1823289931448246,1.956325485834081,5,0.0
1.8146135417659444,1.6535135802568548,4,0.007694694533735119
1.5664428846788898,0.8878384510659374,4,0.06047645456736307
1.1559425055793793,1.3641782716204327,2,0.1561401398659877
1.190296009324575,1.0366957463541393,2,0.8242485976219883
1.7276985032765724,0.7474811575479297,1,29.773126909528944
1.367191361312583,1.8038455088908503,3,0.009821305793864166
0.7767367166186372,1.671676999877348,2,0.14200083678307202
1.4969702439398107,0.7141369336470456,2,8.780895425043614
0.8462828407750587,2.885708438094071,3,0.0
1.7644707355785225,1.4344110050524321,3,0.06376417758621676
1.4442523984686888,2.591353648829337,3,0.0021701107666704453
1.1314889780836719,1.737414886467959,3,0.014094812593433493
1.5926223526632048,1.6925099543200257,3,0.017927464542706197
1.2781530481631662,1.3734600824628702,4,0.002202771568938826
1.4079841730558704,0.9259622804777272,3,0.15118151643089886
1.3970491198142097,2.5425468916053364,5,0.0
0.8605249321337288,2.391567235687795,5,0.0
1.7873130767154337,0.9913209980512581,4,0.01657637910348505
1.2567971095959694,1.338101768355811,3,0.005251935808509796
1.2970906235645958,1.706370131471869,2,0.08663627932058018
1.061161412684691,2.31444497558134,2,0.017310299125111388
1.4059053485057706,2.703914892834074,1,0.21701818462186342
1.5938560727403672,2.0262247325609604,4,0.0008447594316959722
1.7263731394608943,2.940835697110319,3,0.0008197480696213863
0.9303031338192214,2.051806663166508,1,0.1810729133319772
0.6847906967762021,1.6510818719944877,4,0.0
0.7061682706558199,1.728740526161385,3,0.0
1.822593538818878,2.0129688029670056,4,0.0038136937692338836
1.2799172012134499,2.882092864302558,5,0.0
1.1590057679539907,1.6114146971050367,2,0.028446011683743423
1.1193602148144972,1.6571640626050492,1,0.9918073761860395
1.6003626289369335,1.8745917465608215,5,0.0
1.549746173153105,0.607206442515404,2,18.673575939708837
1.7461991291261598,2.856183147263398,3,3.4445215906711495e-06
1.5468430158900583,2.5521498364732254,1,0.35749957899890833
1.0910391988624186,0.8586011463834748,1,9.541323777737235
1.50911981028336,1.4013440837544582,4,0.004483347358027541
1.6175837023963182,1.4563818884486843,4,0.020274359343159944
0.584835481897158,1.8210714787189883,1,0.1575997500633774
1.896165870665336,0.7843100034337848,4,0.2796177388881162
0.8176723735542548,0.9336227584616028,4,0.002241284418491881
0.9561666698105014,2.156203641512044,3,0.006211208432969915
1.9208206686811176,2.6996330635179864,5,7.045263316349079e-05
1.1262143272427894,2.8365680461908296,2,0.005766428831284333
1.370678513672269,1.5571620053702873,1,3.7447402223755786
0.941017156909203,1.5069050708169427,1,0.7608897729067012
1.982239248612918,0.9679117844544003,1,24.636626014060255
0.5947568979405646,1.432685760835856,2,0.006899614559993972
0.6248994071919081,1.645167509719887,5,0.0
1.2998893232896451,0.991926921292119,3,0.09115721461449414
1.936673629762283,2.217083307532814,4,0.005902053090189932
1.0982999460059066,0.5639147663170275,2,6.113346677299584
0.6271262392960699,2.712524310892339,5,0.0
1.30966232986362,2.2041925534341713,1,0.8830537842579498
1.0762447302222657,0.7489931964292611,2,0.8533787423827858
1.5367317429544565,0.6214424940102918,2,22.321170736019432
1.5058467790357384,2.6702832109617343,4,9.749334121570402e-05
1.8590643385497305,2.6713824746135013,5,0.0
0.688854547878502,1.3962766920049177,5,0.0
0.7564384203864241,1.9614399206907485,1,0.49948826827817006
1.7065496827340698,2.618837020159175,1,0.42466861422280766
1.1447760150164399,1.239967524594923,4,0.0041405909638964995
1.2583332208084321,0.8587854458727111,5,0.0011058147626742398
1.1183093117997576,0.9792648712273134,2,0.6426702708708827
0.9401398300496981,0.992436074108768,4,0.0012736176257829301
1.9967701899824786,2.457634419982776,4,0.0
1.3238626659296884,0.5008036930921387,1,27.204768132929388
1.350396606338419,2.3593174369966126,2,0.07998677313562812
1.1424354247442319,0.6831009896591779,5,0.005871217673316257
1.781737700723045,2.352389731416393,4,2.7057522953859753e-05
1.916295921086827,0.9775526784941014,3,0.6098763586066095
0.8242275530898203,1.953766758975593,5,0.0
0.7253793187911042,2.3595540641901103,5,0.0
0.7200191162353544,2.6987646327055184,5,0.0
0.9958159779030689,1.6214477099631766,2,0.15891172984170895
1.653371346382636,0.8218628644755972,1,18.97691307210616
1.592482406861199,2.333631603796748,4,0.0
1.1201127664286217,1.006396826074895,4,0.024104213149919642
1.5055036752218949,2.4094113359719387,5,0.0
0.6887361464900686,1.7218498494338423,4,0.000730268692751174
0.9146757715873817,2.143154335544361,5,0.005591466438503018
1.0816145647574575,0.8525873678211228,3,0.058985593901348214
0.7052833178444591,1.9163163104447225,3,0.0013197697294115467
1.6217043023427216,1.2836292228896409,3,0.113047668784226
1.2694840213349572,0.6155231818850708,1,38.356538051804016
1.6280549922164456,0.710455266892495,1,18.0201384436567
1.6009401217926187,2.6685006797536825,2,0.028944125023785093
1.03899943744566,1.649460731968413,4,0.0
0.5543681644885048,1.2129332647512339,2,0.14547511354037707
1.0969898128008404,0.7061697997256073,5,0.0020812125173735227
0.6249431641144647,0.737291410139045,3,0.0
0.6024440847513868,1.1479266333474885,3,0.0
1.4413645823682373,2.2570732117370014,3,0.00016515618176309084
1.9510564292680082,1.9121517613709698,1,2.454717402526034
1.7915331099840772,1.7101745056878455,1,5.409692840962055
1.207249462508569,1.885631059079333,5,0.0
1.504556784740386,0.7005315826774545,3,0.8335614872055078
1.322975417755609,1.2003581312951168,4,0.0
0.8554891697949312,2.9247297820409783,5,0.0
0.9622716814946746,1.6641768676071018,2,0.048815137723322695
0.6055229779435892,0.8918584438622232,3,0.040269553085395
1.2322882076464898,2.4210274573194828,5,0.0
1.491471321250165,2.9228055957392396,4,0.0
1.5976471444996192,2.7175887891808084,5,0.0
1.3685027956039308,2.408962030914674,5,0.0
1.2229055099557442,2.0207844422858656,3,0.003252767711899015
1.4917169146036762,2.4194137036833654,4,0.0016143980422239032
1.4530379797726116,2.7585462967144694,3,5.454886500723271e-05
1.6138418844542748,0.9348036655172296,1,16.899337567301444
1.8379193595458725,1.9927591181800346,5,0.0019880020502658436
1.5279632980801559,2.9630021998351657,4,0.0
1.3605341295482836,0.8487040166138594,3,0.3467246433184603
1.178014751072886,1.1127712422437435,1,3.963465822009221
1.9680183202685435,2.868399869339851,4,0.0005271996899704032
1.5840603448033725,0.9939904948936837,2,2.117382777201893
0.827388309126522,1.4845050373666921,5,0.0
1.3461816961789779,0.764635852707335,5,0.00037630498738798224
1.207898482532256,0.9562897546838571,1,2.4707502443949605
1.6302546165646215,2.6335462854171063,4,0.0
0.838814732555673,1.4755735729317037,3,0.0036803417643734952
0.8413656143580129,2.950894166639087,1,0.04817674323271746
1.0280548702805694,1.8099525368234448,4,0.0
1.7307134614439907,0.6987919745580782,1,28.80869918339667
0.6617756220315909,2.347448986522787,1,0.1281722591734547
1.1081726140318624,1.7283467683690947,5,0.0
0.8346214427233518,1.8449442722013203,2,0.009961115081591684
1.7752422005540902,2.938118331556628,4,0.0
0.7032218472406331,2.6424759391075736,5,0.0
1.6264334053234923,2.1924382181810045,1,0.9724974282111849
0.5738305224980252,2.040625077543456,1,0.17254574233798847
0.7602479233350996,0.5712283240109803,3,0.2345933228679514
0.555268048246248,1.6816949295829824,2,0.02244153585843277
1.7783680858480377,2.921728860211415,1,0.4110299723875064
0.9507051391625232,2.776779089135038,3,6.401058245250705e-05
0.9021253404856742,0.8394863977687532,1,6.123114936359869
1.1876613996073622,0.8822786630795008,1,11.584394591566566
0.6469993726299336,1.2976260016761851,1,0.8833446062108826
1.3638815353274067,2.043466745647234,3,0.007435454212546563
1.2014894913105612,1.670549924034375,5,0.0
1.1096635175057834,1.2532368961116307,2,0.31076984127964596
1.439015122045627,2.155626562959509,5,0.0
0.9130306572518236,1.0890919647382422,2,0.12191825050335094
0.539876418003964,1.7510841115652303,1,0.13935331039811286
1.098748533520139,1.1798606139739753,3,0.026520952983430785
1.6089673740990047,1.596331841956719,5,0.0
1.469084453268724,0.9881164910985536,3,0.24221167099679744
0.6371970921952169,2.1056021763736017,5,0.0
0.5934606490817571,1.0119642772077262,5,0.0
1.1715544326465668,1.1394362156593423,4,0.0004396816387013915
0.7188507808897631,0.6071951721366488,1,8.204154252722713
1.3861376752736132,0.5076150633714065,3,1.5923747385615912
1.589525045485066,2.919079113523231,1,0.3529509244300677
1.8601218218005648,1.7590893006436368,4,0.0003546412437941859
0.5241958319654132,2.920575750867707,5,0.0
1.0595010473971276,1.0544550524494327,4,0.00445441184721814
1.3513359039864263,0.8232026850711509,3,0.12055512881718322
1.1762911798041773,0.6353815862025443,4,0.23016251751931088
0.5006098527076941,1.6116700925352363,2,0.0028764677301345697
0.5380565367002963,1.3883597098706206,3,0.0
0.6712758278451963,2.9267784034201556,2,0.005751353895593264
0.8045351258945823,2.7985840040503676,5,0.0
0.5475239794497896,2.475587162742843,4,0.0
0.701115229136474,2.7607552776702065,2,0.0
0.9975538379459159,0.6390818407658498,4,0.013625306198554038
1.9876959212667331,2.323101864064972,4,0.0035077983146358386
0.5677099826563444,2.562368059845422,3,0.0
1.5632722442416795,2.328706903320138,5,0.00015729113281308976
1.7426965811556456,2.452855779059429,1,0.8579269463561399
1.724280817199861,1.16026700300273,2,0.2839814985089551
1.970774118177767,2.2264156232843133,4,0.004394692856341563
1.6439312303258449,2.237734878295062,2,0.05181061333245771
1.9993252061179012,0.9883570896849352,3,0.5001869360335556
1.8502542274507887,1.8671101907129453,1,2.8641946480211753
1.3032891613332516,1.799381393877651,2,0.06978723146355391
1.6666720384201117,2.84427178596754,5,0.0
1.6781445348238653,2.2583529636869706,5,0.0
0.8711352605438175,2.3936717304722777,4,0.0003259506769227555
1.6842047098023913,2.016435281109768,3,0.02113318438891737
1.2396496150319698,2.687392892342776,2,0.034338171246407256
1.8701067359946784,0.9997073466488244,2,3.174797766488292
1.4652059055183724,2.6809457818942652,5,0.0
1.0131447963705476,2.7721032145598725,2,0.031597573634236945
0.562838573105787,1.0678746949265634,3,0.0050494958806088916
0.5987716212841463,0.9383836686228306,5,0.0
1.8999423978619345,1.9924976757738362,4,0.0017769372795752444
1.4829889290710285,1.6743769303063314,1,4.545593956493771
0.7594846620842663,2.045837676707997,4,0.0
0.6325468087657986,2.7041105171847537,5,0.0
1.77889174418157,1.2036808153156393,4,0.022204062238996403
1.2189676536668679,1.4913222978605785,3,0.0037079708974154546
0.9783779810579039,1.9241337768279683,5,0.0
1.4436425397579313,0.6869611385636762,4,0.3583986807604787
1.515156438324182,2.444679496552259,5,0.0
0.7195198791510937,1.5135976877811557,3,0.0
1.6411105358524005,2.043201179988702,5,0.0
1.0112188688556893,2.6742308296654187,2,0.008405439486380012
1.3392802825976848,1.434108252980165,2,0.08265251582157314
1.7454527156905866,1.9705315589137913,3,0.022984481924087637
0.613230298389736,0.7619188303913939,3,0.0
1.9818270240690905,1.887826096443465,1,10.140287603982985
1.1306295592394007,2.9120580320455614,1,0.3134286492357298
1.5333738080929584,1.5449802196998992,3,0.11214570030155392
1.3636026158789574,2.3432707180330694,1,0.8432174581795422
1.6097374772714566,1.1058106246117736,3,0.10173339896144849
0.7929493948834965,2.9854889769168937,1,0.028505947321914863
1.3065212688912866,2.6199489997952057,2,0.031643179605448116
0.6854962346614517,2.9026958028335303,4,0.0
1.2436928406458436,0.8960877981739022,4,0.05010076251827832
1.4223386453281741,2.7801195267672525,5,0.0
1.9899308497726003,2.4348875493979127,3,0.013118592352696449
1.4250388033158883,0.5129338534466844,5,0.10926218302462173
1.7728367446072242,2.047422861796238,5,0.0
0.5071778248905828,2.6680533473094097,1,0.037275686478480397
0.8584528988636029,2.009158831301674,3,0.0
1.0310103458650182,1.6309211170569728,3,0.0
1.1879106077784023,0.9125164937745052,2,0.48149575840264414
1.7424787927840653,0.9971078655097669,2,2.041600744833493
1.468422324521737,2.9615359081031496,5,0.0
0.6326006230755659,1.274596734291506,1,0.5525079052622602
1.1091558266798027,0.6041856779557576,3,0.31951630975348894
0.6379181602250541,2.303787220051751,5,0.0
0.7516754847451844,1.7978576314340957,3,0.002849099483160973
1.0819833807452086,1.3205972203393397,2,0.10139803874433649
1.1482929432220472,1.240334401988424,4,0.0
1.976710365094351,1.0234070908154942,1,23.559859514383543
1.2600780262085405,2.762337407918965,5,0.0
1.8633582613314745,1.1661652618084737,1,22.78796346941349
1.1835762461323047,1.0464795621077099,1,6.466858919056512
1.0496515787421117,1.9355084585752005,1,0.6021539202830868
1.8412476824682225,1.212761415770284,1,13.093489973636197
1.5587782713919391,2.9358810375644544,1,0.34161530369664805
1.8947204790970695,0.5268076134316773,4,2.7320865425605363
1.062569156689685,0.7581512119873433,1,7.473812168762947
1.525299600563909,2.7033609263622536,5,0.0
1.42401881757183,0.7753311741925235,1,21.04488313668223
1.736638632967026,2.040486298083375,1,2.6218819193531897
1.2052641524395402,2.447586795239946,5,0.0
1.629140382067397,0.5511038778813483,2,11.425677020184603
0.6079238897810786,0.5293949898614108,4,0.0
1.56033919706601,1.8204594825479359,1,1.2901183535288796
0.8996080777301574,0.8363481339753907,3,0.0499106083441457
0.8102259406822674,2.8999517487763775,1,0.10581378892684304
1.3928964635644676,1.0438363019911605,2,0.7721234678357134
0.5015463137644137,1.846266284196513,1,0.11931033990634952
0.8366452732942034,1.3385823811784388,2,0.18548832420259584
0.5335776725338033,2.514089306760091,2,0.02586795627075574
1.6610120977350038,1.9229250796457793,2,0.11449237313363375
0.8161367683188574,2.7527826007778353,4,0.0
1.2976333452973614,0.6791324616405904,4,0.12787153213575056
1.7885001832679277,2.792898707788749,4,0.0
0.983131374050121,1.4906702766330786,3,0.013355398724529541
0.5703595969136652,0.6338067602524882,1,3.886646876477049
1.9282791111178583,2.636658347921177,1,0.7809851999950181
0.8114895076326764,1.5244074663354097,5,0.0
0.5804734627943213,1.8248115096240507,2,0.056330759130346325
1.8107665887892637,2.564927055416535,1,0.9381279588286682
0.9251914193418275,2.020398044345483,5,0.0
0.9816372718278841,2.2139404160651073,3,0.004822886526429359
1.51866146363947,0.8482770671084554,3,0.2588549555317752
